name,stage,groups,table,appendix_table,reuse_from,checkpoint_alias,market_snapshot_alias,correction_scope,status,started_at_utc,finished_at_utc,elapsed_seconds,relative_run_path,file_count,total_bytes,config_digest,device,dtype,python,numpy,torch,cuda_device_count,state_dim,control_dim,brownian_dim
t3_merton_short_d10,pipeline,section5;table3;paper,3,,,merton_short_d10_e500,,unaffected,present,,,,runs_paper_full_shift/t3_merton_short_d10,11,618844,4f0984eaa65d764a,cuda,torch.float64,"3.10.12 (main, Jul 29 2024, 16:56:48) [GCC 11.4.0]",2.2.6,2.5.1+cu121,1,1,10,10
t3_merton_short_d100,pipeline,section5;table3;paper,3,,,merton_short_d100_e500,,unaffected,present,,,,runs_paper_full_shift/t3_merton_short_d100,11,5150448,26cfa9367e49ef9d,cuda,torch.float64,"3.10.12 (main, Jul 29 2024, 16:56:48) [GCC 11.4.0]",2.2.6,2.5.1+cu121,1,1,100,100
t4_merton_exact_d100,pipeline,exact;section5;table4;paper,4,,,,,unaffected,present,,,,runs_paper_full_shift/t4_merton_exact_d100,10,5105206,3c04b1d75a2c3e50,cuda,torch.float64,"3.10.12 (main, Jul 29 2024, 16:56:48) [GCC 11.4.0]",2.2.6,2.5.1+cu121,1,1,100,100
t4_merton_learned_d100,pipeline,section5;table4;paper,4,,,merton_short_d100_e500,,unaffected,present,,,,runs_paper_full_shift/t4_merton_learned_d100,11,5144956,9d55323feb666db0,cuda,torch.float64,"3.10.12 (main, Jul 29 2024, 16:56:48) [GCC 11.4.0]",2.2.6,2.5.1+cu121,1,1,100,100
t5_budget_seed1_e250,pipeline,section5;appendix;table5;table14;paper,5,14,,merton_budget_seed1_e250,merton_budget_market,unaffected,skipped_complete,2026-07-24T03:37:35.527687Z,2026-07-24T03:37:35.527713Z,,runs_paper_full_shift/t5_budget_seed1_e250,11,5084535,77e1a12c9caa9c2f,cuda,torch.float64,"3.10.12 (main, Jul 29 2024, 16:56:48) [GCC 11.4.0]",2.2.6,2.5.1+cu121,1,1,100,100
t5_budget_seed1_e500,pipeline,section5;appendix;table5;table14;paper,5,14,,merton_budget_seed1_e500,merton_budget_market,unaffected,skipped_complete,2026-07-24T03:37:35.527720Z,2026-07-24T03:37:35.527727Z,,runs_paper_full_shift/t5_budget_seed1_e500,11,5150512,834e2a5240513ee2,cuda,torch.float64,"3.10.12 (main, Jul 29 2024, 16:56:48) [GCC 11.4.0]",2.2.6,2.5.1+cu121,1,1,100,100
t5_budget_seed1_e1000,pipeline,section5;appendix;table5;table14;paper,5,14,,merton_budget_seed1_e1000,merton_budget_market,unaffected,skipped_complete,2026-07-24T03:37:35.527732Z,2026-07-24T03:37:35.527738Z,,runs_paper_full_shift/t5_budget_seed1_e1000,11,5157774,12ff995926465ca5,cuda,torch.float64,"3.10.12 (main, Jul 29 2024, 16:56:48) [GCC 11.4.0]",2.2.6,2.5.1+cu121,1,1,100,100
t5_budget_seed2_e250,pipeline,section5;appendix;table5;table14;paper,5,14,,merton_budget_seed2_e250,merton_budget_market,unaffected,skipped_complete,2026-07-24T03:37:35.527743Z,2026-07-24T03:37:35.527748Z,,runs_paper_full_shift/t5_budget_seed2_e250,11,5097228,e8c120e4afaad9cb,cuda,torch.float64,"3.10.12 (main, Jul 29 2024, 16:56:48) [GCC 11.4.0]",2.2.6,2.5.1+cu121,1,1,100,100
t5_budget_seed2_e500,pipeline,section5;appendix;table5;table14;paper,5,14,,merton_budget_seed2_e500,merton_budget_market,unaffected,skipped_complete,2026-07-24T03:37:35.527753Z,2026-07-24T03:37:35.527759Z,,runs_paper_full_shift/t5_budget_seed2_e500,11,5146374,693857ede5c0046b,cuda,torch.float64,"3.10.12 (main, Jul 29 2024, 16:56:48) [GCC 11.4.0]",2.2.6,2.5.1+cu121,1,1,100,100
t5_budget_seed2_e1000,pipeline,section5;appendix;table5;table14;paper,5,14,,merton_budget_seed2_e1000,merton_budget_market,unaffected,skipped_complete,2026-07-24T03:37:35.527764Z,2026-07-24T03:37:35.527770Z,,runs_paper_full_shift/t5_budget_seed2_e1000,11,5153147,5900011d3c9590aa,cuda,torch.float64,"3.10.12 (main, Jul 29 2024, 16:56:48) [GCC 11.4.0]",2.2.6,2.5.1+cu121,1,1,100,100
t5_budget_seed3_e250,pipeline,section5;appendix;table5;table14;paper,5,14,,merton_budget_seed3_e250,merton_budget_market,unaffected,skipped_complete,2026-07-24T03:37:35.527775Z,2026-07-24T03:37:35.527781Z,,runs_paper_full_shift/t5_budget_seed3_e250,11,5086895,643ae4338bf45f33,cuda,torch.float64,"3.10.12 (main, Jul 29 2024, 16:56:48) [GCC 11.4.0]",2.2.6,2.5.1+cu121,1,1,100,100
t5_budget_seed3_e500,pipeline,section5;appendix;table5;table14;paper,5,14,,merton_budget_seed3_e500,merton_budget_market,unaffected,skipped_complete,2026-07-24T03:37:35.527787Z,2026-07-24T03:37:35.527793Z,,runs_paper_full_shift/t5_budget_seed3_e500,11,5146452,f503202ded84780c,cuda,torch.float64,"3.10.12 (main, Jul 29 2024, 16:56:48) [GCC 11.4.0]",2.2.6,2.5.1+cu121,1,1,100,100
t5_budget_seed3_e1000,pipeline,section5;appendix;table5;table14;paper,5,14,,merton_budget_seed3_e1000,merton_budget_market,unaffected,skipped_complete,2026-07-24T03:37:35.527798Z,2026-07-24T03:37:35.527803Z,,runs_paper_full_shift/t5_budget_seed3_e1000,11,5153709,c91409e9cb00ca84,cuda,torch.float64,"3.10.12 (main, Jul 29 2024, 16:56:48) [GCC 11.4.0]",2.2.6,2.5.1+cu121,1,1,100,100
t6_merton_cap_d2,pipeline,section5;table6;paper,6,,,merton_cap_d2_e500,,direct,present,,,,runs_paper_full_shift/t6_merton_cap_d2,11,270483,9a19af43653494c3,cuda,torch.float64,"3.10.12 (main, Jul 29 2024, 16:56:48) [GCC 11.4.0]",2.2.6,2.5.1+cu121,1,1,3,2
t6_merton_cap_d10,pipeline,section5;table6;paper,6,,,merton_cap_d10_e500,,direct,present,,,,runs_paper_full_shift/t6_merton_cap_d10,11,657606,1b3002ee180b1267,cuda,torch.float64,"3.10.12 (main, Jul 29 2024, 16:56:48) [GCC 11.4.0]",2.2.6,2.5.1+cu121,1,1,11,10
t6_merton_cap_d100,pipeline,section5;table6;paper,6,,,merton_cap_d100_e500,,direct,present,,,,runs_paper_full_shift/t6_merton_cap_d100,11,4902961,0591b13614fcba6e,cuda,torch.float64,"3.10.12 (main, Jul 29 2024, 16:56:48) [GCC 11.4.0]",2.2.6,2.5.1+cu121,1,1,101,100
t6_merton_cap_d100_exact,pipeline,exact;section5;table6;paper,6,,,,,direct,present,,,,runs_paper_full_shift/t6_merton_cap_d100_exact,10,4882725,655bda3de4cb3a39,cuda,torch.float64,"3.10.12 (main, Jul 29 2024, 16:56:48) [GCC 11.4.0]",2.2.6,2.5.1+cu121,1,1,101,100
t7_affine_canonical,pipeline,exact;section5;table7;paper,7,,,,,unaffected,present,,,,runs_paper_full_shift/t7_affine_canonical,10,199032,01fe9d488e8525b0,cuda,torch.float64,"3.10.12 (main, Jul 29 2024, 16:56:48) [GCC 11.4.0]",2.2.6,2.5.1+cu121,1,2,1,2
t7_affine_hedging,pipeline,exact;section5;table7;paper,7,,,,,unaffected,present,,,,runs_paper_full_shift/t7_affine_hedging,10,198107,65d8323973478de0,cuda,torch.float64,"3.10.12 (main, Jul 29 2024, 16:56:48) [GCC 11.4.0]",2.2.6,2.5.1+cu121,1,2,1,2
t8_merton_cap_iid,pipeline,section5;table8;table9;paper,8,,,merton_cap_d100_e500,,direct,skipped_complete,2026-07-24T03:37:35.527809Z,2026-07-24T03:37:35.527815Z,,runs_paper_full_shift/t8_merton_cap_iid,11,2482627,bb5a6847717f5fa5,cuda,torch.float64,"3.10.12 (main, Jul 29 2024, 16:56:48) [GCC 11.4.0]",2.2.6,2.5.1+cu121,1,1,101,100
t8_merton_cap_wealth_edge,pipeline,section5;table8;table9;paper,8,,,merton_cap_d100_e500,,direct,present,,,,runs_paper_full_shift/t8_merton_cap_wealth_edge,11,2457945,82595668c875e7fa,cuda,torch.float64,"3.10.12 (main, Jul 29 2024, 16:56:48) [GCC 11.4.0]",2.2.6,2.5.1+cu121,1,1,101,100
t8_merton_cap_stress,pipeline,section5;table8;table9;paper,8,,,merton_cap_d100_e500,,direct,present,,,,runs_paper_full_shift/t8_merton_cap_stress,11,2448766,91d4b2b29d8aa3f5,cuda,torch.float64,"3.10.12 (main, Jul 29 2024, 16:56:48) [GCC 11.4.0]",2.2.6,2.5.1+cu121,1,1,101,100
t8_lko_cap_iid,pipeline,section5;table8;table9;paper,8,,,lko_cap_d100_e500,,direct,skipped_complete,2026-07-24T03:37:35.527820Z,2026-07-24T03:37:35.527828Z,,runs_paper_full_shift/t8_lko_cap_iid,11,2466967,1d34c33a63d2ff33,cuda,torch.float64,"3.10.12 (main, Jul 29 2024, 16:56:48) [GCC 11.4.0]",2.2.6,2.5.1+cu121,1,2,101,101
t8_lko_cap_wealth_edge,pipeline,section5;table8;table9;paper,8,,,lko_cap_d100_e500,,direct,present,,,,runs_paper_full_shift/t8_lko_cap_wealth_edge,11,2440712,aff90398067b572d,cuda,torch.float64,"3.10.12 (main, Jul 29 2024, 16:56:48) [GCC 11.4.0]",2.2.6,2.5.1+cu121,1,2,101,101
t8_lko_cap_factor_edge,pipeline,section5;table8;table9;paper,8,,,lko_cap_d100_e500,,direct,present,,,,runs_paper_full_shift/t8_lko_cap_factor_edge,11,2448962,7290bcf2ce71caed,cuda,torch.float64,"3.10.12 (main, Jul 29 2024, 16:56:48) [GCC 11.4.0]",2.2.6,2.5.1+cu121,1,2,101,101
t8_lko_cap_stress,pipeline,section5;table8;table9;paper,8,,,lko_cap_d100_e500,,direct,present,,,,runs_paper_full_shift/t8_lko_cap_stress,16,4831232,f25e659b33ac3b17,cuda,torch.float64,"3.10.12 (main, Jul 29 2024, 16:56:48) [GCC 11.4.0]",2.2.6,2.5.1+cu121,1,2,101,101
t12_lko_short_d10,pipeline,appendix;table12;paper,12,,,lko_short_d10_e500,,direct,complete,2026-07-24T03:37:35.527834Z,2026-07-24T03:47:35.026979Z,599.4991452693939,runs_paper_full_shift/t12_lko_short_d10,11,640527,b886aca2001a593d,cuda,torch.float64,"3.10.12 (main, Jul 29 2024, 16:56:48) [GCC 11.4.0]",2.2.6,2.5.1+cu121,1,2,10,11
t12_lko_short_d50,pipeline,appendix;table12;paper,12,,,lko_short_d50_e500,,direct,complete,2026-07-24T03:47:35.027285Z,2026-07-24T04:08:14.911790Z,1239.884505033493,runs_paper_full_shift/t12_lko_short_d50,11,2520791,8c69f0cfaf25bd4c,cuda,torch.float64,"3.10.12 (main, Jul 29 2024, 16:56:48) [GCC 11.4.0]",2.2.6,2.5.1+cu121,1,2,50,51
t12_lko_short_d100,pipeline,appendix;table12;paper,12,,,lko_short_d100_e500,,direct,complete,2026-07-24T04:08:14.912130Z,2026-07-24T04:38:04.376704Z,1789.464574098587,runs_paper_full_shift/t12_lko_short_d100,11,4881609,b2f92703b0c15d54,cuda,torch.float64,"3.10.12 (main, Jul 29 2024, 16:56:48) [GCC 11.4.0]",2.2.6,2.5.1+cu121,1,2,100,101
app_graph_lko_d100_cl,harvest,appendix;graph_ablation,,,,lko_short_d100_e500,,direct,complete,2026-07-24T04:38:04.377022Z,2026-07-24T05:15:01.772639Z,2217.3956167697906,runs_paper_full_shift/app_graph_lko_d100_cl,7,4333093,332675bea239817a,cuda,torch.float64,"3.10.12 (main, Jul 29 2024, 16:56:48) [GCC 11.4.0]",2.2.6,2.5.1+cu121,1,2,100,101
app_graph_lko_d100_compare,graph_compare,appendix;graph_ablation;paper,,,t12_lko_short_d100,,,derived,complete,2026-07-24T05:15:01.773003Z,2026-07-24T05:15:01.779103Z,0.006099700927734375,runs_paper_full_shift/app_graph_lko_d100_compare,2,315,,,,,,,,,,
t13_init_lko_short_d100,init_audit,appendix;table13;paper,13,,t12_lko_short_d100,,,direct,complete,2026-07-24T05:15:01.779525Z,2026-07-24T05:16:32.603945Z,90.8244206905365,runs_paper_full_shift/t13_init_lko_short_d100,5,15806,82881fb6ece4f21f,cuda,torch.float64,"3.10.12 (main, Jul 29 2024, 16:56:48) [GCC 11.4.0]",2.2.6,2.5.1+cu121,1,2,100,101
t13_init_merton_cap_d100,init_audit,appendix;table13;paper,13,,t6_merton_cap_d100,,,direct,complete,2026-07-24T05:16:32.604335Z,2026-07-24T05:18:03.450654Z,90.84631848335266,runs_paper_full_shift/t13_init_merton_cap_d100,5,15729,5116b4f3446b030e,cuda,torch.float64,"3.10.12 (main, Jul 29 2024, 16:56:48) [GCC 11.4.0]",2.2.6,2.5.1+cu121,1,1,101,100
t13_init_lko_cap_d100,init_audit,appendix;table13;paper,13,,t8_lko_cap_iid,,,direct,complete,2026-07-24T05:18:03.451068Z,2026-07-24T05:18:49.849923Z,46.398855209350586,runs_paper_full_shift/t13_init_lko_cap_d100,5,8967,c5ee12f1e3139120,cuda,torch.float64,"3.10.12 (main, Jul 29 2024, 16:56:48) [GCC 11.4.0]",2.2.6,2.5.1+cu121,1,2,101,101
t15_merton_eps_1em05,recover,appendix;table15;paper,15,,t6_merton_cap_d100,,,direct,complete,2026-07-24T05:18:49.850312Z,2026-07-24T05:18:52.128878Z,2.2785654067993164,runs_paper_full_shift/t15_merton_eps_1em05,7,2478399,20243e306d4f45f7,cuda,torch.float64,"3.10.12 (main, Jul 29 2024, 16:56:48) [GCC 11.4.0]",2.2.6,2.5.1+cu121,1,1,101,100
t15_merton_eps_3em06,recover,appendix;table15;paper,15,,t6_merton_cap_d100,,,direct,complete,2026-07-24T05:18:52.129236Z,2026-07-24T05:18:54.785864Z,2.656628131866455,runs_paper_full_shift/t15_merton_eps_3em06,7,2479669,1af47a75954fe295,cuda,torch.float64,"3.10.12 (main, Jul 29 2024, 16:56:48) [GCC 11.4.0]",2.2.6,2.5.1+cu121,1,1,101,100
t15_merton_eps_1em06,recover,appendix;table15;paper,15,,t6_merton_cap_d100,,,direct,complete,2026-07-24T05:18:54.786263Z,2026-07-24T05:18:57.959508Z,3.173245906829834,runs_paper_full_shift/t15_merton_eps_1em06,7,2479492,6d27c229757ade51,cuda,torch.float64,"3.10.12 (main, Jul 29 2024, 16:56:48) [GCC 11.4.0]",2.2.6,2.5.1+cu121,1,1,101,100
t15_lko_eps_1em05,recover,appendix;table15;paper,15,,t8_lko_cap_iid,,,direct,complete,2026-07-24T05:18:57.959903Z,2026-07-24T05:19:00.559502Z,2.5995991230010986,runs_paper_full_shift/t15_lko_eps_1em05,7,2464493,d1311164fc3adf2d,cuda,torch.float64,"3.10.12 (main, Jul 29 2024, 16:56:48) [GCC 11.4.0]",2.2.6,2.5.1+cu121,1,2,101,101
t15_lko_eps_3em06,recover,appendix;table15;paper,15,,t8_lko_cap_iid,,,direct,complete,2026-07-24T05:19:00.560025Z,2026-07-24T05:19:04.006283Z,3.4462575912475586,runs_paper_full_shift/t15_lko_eps_3em06,7,2464860,e34d32aaa66b854a,cuda,torch.float64,"3.10.12 (main, Jul 29 2024, 16:56:48) [GCC 11.4.0]",2.2.6,2.5.1+cu121,1,2,101,101
t15_lko_eps_1em06,recover,appendix;table15;paper,15,,t8_lko_cap_iid,,,direct,complete,2026-07-24T05:19:04.006739Z,2026-07-24T05:19:07.627330Z,3.620591402053833,runs_paper_full_shift/t15_lko_eps_1em06,7,2464978,30c92baced04d6b3,cuda,torch.float64,"3.10.12 (main, Jul 29 2024, 16:56:48) [GCC 11.4.0]",2.2.6,2.5.1+cu121,1,2,101,101
t17_affine_d100_k1,pipeline,appendix;table16;table17;paper,17,16,,affine_old_d100_k1,,direct,complete,2026-07-24T05:19:07.627817Z,2026-07-24T05:23:44.852474Z,277.224657535553,runs_paper_full_shift/t17_affine_d100_k1,11,4632895,38273daaecb4d59c,cuda,torch.float64,"3.10.12 (main, Jul 29 2024, 16:56:48) [GCC 11.4.0]",2.2.6,2.5.1+cu121,1,2,100,101
t17_affine_d100_k3,pipeline,appendix;table16;table17;paper,17,16,,affine_old_d100_k3,,direct,complete,2026-07-24T05:23:44.852911Z,2026-07-24T05:29:17.822112Z,332.96920013427734,runs_paper_full_shift/t17_affine_d100_k3,11,4677924,48202fda5356d6b7,cuda,torch.float64,"3.10.12 (main, Jul 29 2024, 16:56:48) [GCC 11.4.0]",2.2.6,2.5.1+cu121,1,4,100,103
t17_affine_d100_k5,pipeline,appendix;table16;table17;paper,17,16,,affine_old_d100_k5,,direct,complete,2026-07-24T05:29:17.822598Z,2026-07-24T05:36:08.461657Z,410.6390585899353,runs_paper_full_shift/t17_affine_d100_k5,11,4799059,fd50b4fd551014a0,cuda,torch.float64,"3.10.12 (main, Jul 29 2024, 16:56:48) [GCC 11.4.0]",2.2.6,2.5.1+cu121,1,6,100,105
